{"stats":{"minecraft:picked_up":{"minecraft:dirt":3},"minecraft:mined":{"minecraft:grass_block":3,"minecraft:ice":1},"minecraft:killed_by":{"alexsmobs:cachalot_whale":1,"minecraft:skeleton":1,"earthmobsmod:lobber_zombie":1},"minecraft:dropped":{"tombstone:grave_dust":1},"minecraft:used":{"minecraft:dirt":3,"carryon:entity_item":5,"tombstone:gift":2},"minecraft:custom":{"minecraft:time_since_rest":621,"minecraft:play_time":11463,"minecraft:crouch_one_cm":563,"minecraft:sprint_one_cm":32648,"minecraft:walk_one_cm":13390,"minecraft:damage_taken":695,"minecraft:deaths":3,"minecraft:sneak_time":184,"minecraft:walk_under_water_one_cm":14177,"minecraft:drop":1,"minecraft:jump":307,"minecraft:leave_game":1,"minecraft:damage_dealt":144,"minecraft:time_since_death":594,"minecraft:walk_on_water_one_cm":3753,"minecraft:total_world_time":11463,"minecraft:swim_one_cm":18582,"minecraft:fall_one_cm":8952,"minecraft:fly_one_cm":88413}},"DataVersion":2975}