{"stats":{"minecraft:killed_by":{"alexsmobs:cachalot_whale":1},"minecraft:custom":{"minecraft:jump":24,"minecraft:time_since_rest":144,"minecraft:deaths":1,"minecraft:damage_dealt":10,"minecraft:crouch_one_cm":46,"minecraft:damage_taken":220,"minecraft:sprint_one_cm":4500,"minecraft:play_time":3027,"minecraft:walk_on_water_one_cm":2327,"minecraft:time_since_death":123,"minecraft:walk_one_cm":2994,"minecraft:sneak_time":34,"minecraft:total_world_time":3027,"minecraft:walk_under_water_one_cm":5154,"minecraft:swim_one_cm":7522,"minecraft:fall_one_cm":1581,"minecraft:fly_one_cm":8067}},"DataVersion":2975}