{"stats":{"minecraft:used":{"magistuarmory:netherite_shortsword":14,"minecraft:dirt":5,"artifacts:eternal_steak":1,"vampirism:advanced_vampire_hunter_spawn_egg":2},"minecraft:killed":{"minecraft:sheep":1,"vampirism:advanced_hunter":2,"minecraft:pig":1},"minecraft:custom":{"minecraft:time_since_rest":6876,"minecraft:play_time":10896,"minecraft:crouch_one_cm":502,"minecraft:sprint_one_cm":20463,"minecraft:walk_one_cm":12855,"minecraft:damage_taken":376,"minecraft:deaths":1,"minecraft:sneak_time":140,"minecraft:mob_kills":4,"minecraft:drop":2,"minecraft:jump":138,"minecraft:damage_dealt":1382,"minecraft:walk_on_water_one_cm":52,"minecraft:time_since_death":6764,"minecraft:total_world_time":10896,"minecraft:fall_one_cm":5615,"minecraft:fly_one_cm":28003},"minecraft:picked_up":{"vampirism:item_garlic":1,"minecraft:porkchop":3,"minecraft:mutton":1,"minecraft:dirt":5,"minecraft:white_wool":1},"minecraft:dropped":{"minecraft:mutton":1,"minecraft:white_wool":1},"minecraft:mined":{"minecraft:grass_block":5}},"DataVersion":2975}