{"stats":{"minecraft:picked_up":{"minecraft:salmon":1,"minecraft:dirt":3},"minecraft:mined":{"minecraft:grass_block":3,"minecraft:ice":1},"minecraft:killed_by":{"alexsmobs:cachalot_whale":1,"minecraft:skeleton":1,"earthmobsmod:lobber_zombie":1},"minecraft:dropped":{"tombstone:grave_dust":1},"minecraft:used":{"luckytntmod:lehk_firework":33,"minecraft:dirt":3,"luckytntmod:tnt_x5":20,"tombstone:gift":2,"carryon:entity_item":6,"minecraft:ice":92},"minecraft:custom":{"minecraft:time_since_rest":8154,"tombstone:undead_killed":1,"minecraft:crouch_one_cm":2257,"minecraft:sprint_one_cm":41915,"minecraft:play_time":18996,"minecraft:damage_taken":735,"minecraft:deaths":3,"minecraft:walk_one_cm":27050,"minecraft:sneak_time":839,"minecraft:walk_under_water_one_cm":14401,"minecraft:mob_kills":7,"minecraft:drop":1,"minecraft:jump":390,"minecraft:damage_dealt":144,"minecraft:leave_game":1,"minecraft:walk_on_water_one_cm":7063,"minecraft:time_since_death":8127,"minecraft:total_world_time":18996,"minecraft:swim_one_cm":19649,"minecraft:fall_one_cm":9161,"minecraft:fly_one_cm":149985},"minecraft:killed":{"minecraft:drowned":1,"minecraft:salmon":6}},"DataVersion":2975}