{
  "mcwtrpdoors:recipes/print_beach": {
    "criteria": {
      "has_planks": "2024-09-24 20:07:02 +0000"
    },
    "done": true
  },
  "minecraft:recipes/food/cooked_mutton_from_campfire_cooking": {
    "criteria": {
      "has_mutton": "2024-09-24 20:11:53 +0000"
    },
    "done": true
  },
  "mcwtrpdoors:recipes/acacia/acacia_mystic_trapdoor": {
    "criteria": {
      "has_planks": "2024-09-24 20:07:01 +0000"
    },
    "done": true
  },
  "mcwdoors:recipes/dark_oak/dark_oak_paper_door": {
    "criteria": {
      "has_planks": "2024-09-24 20:07:01 +0000"
    },
    "done": true
  },
  "mcwwindows:recipes/parapet/acacia_plank_parapet": {
    "criteria": {
      "has_planks": "2024-09-24 20:07:01 +0000"
    },
    "done": true
  },
  "mcwdoors:recipes/birch/birch_barn_glass_door": {
    "criteria": {
      "has_planks": "2024-09-24 20:07:02 +0000"
    },
    "done": true
  },
  "mcwbridges:recipes/rope_jungle_bridge": {
    "criteria": {
      "has_planks": "2024-09-24 20:07:02 +0000"
    },
    "done": true
  },
  "mcwtrpdoors:recipes/spruce/spruce_barn_trapdoor": {
    "criteria": {
      "has_planks": "2024-09-24 20:07:02 +0000"
    },
    "done": true
  },
  "mcwtrpdoors:recipes/acacia/acacia_paper_trapdoor": {
    "criteria": {
      "has_planks": "2024-09-24 20:07:01 +0000"
    },
    "done": true
  },
  "mcwtrpdoors:recipes/dark_oak/dark_oak_beach_trapdoor": {
    "criteria": {
      "has_planks": "2024-09-24 20:07:01 +0000"
    },
    "done": true
  },
  "mcwwindows:recipes/stone/granite_window": {
    "criteria": {
      "has_planks": "2024-09-24 20:07:02 +0000"
    },
    "done": true
  },
  "mcwtrpdoors:recipes/acacia/acacia_glass_trapdoor": {
    "criteria": {
      "has_planks": "2024-09-24 20:07:01 +0000"
    },
    "done": true
  },
  "mcwwindows:recipes/strip/stripped_dark_oak_log_window": {
    "criteria": {
      "has_planks": "2024-09-24 20:07:01 +0000"
    },
    "done": true
  },
  "minecraft:recipes/building_blocks/magenta_wool": {
    "criteria": {
      "has_white_wool": "2024-09-24 20:11:53 +0000"
    },
    "done": true
  },
  "mcwwindows:recipes/parapet/warped_plank_parapet": {
    "criteria": {
      "has_planks": "2024-09-24 20:07:02 +0000"
    },
    "done": true
  },
  "mcwwindows:recipes/windows/warped_stem_window": {
    "criteria": {
      "has_planks": "2024-09-24 20:07:01 +0000"
    },
    "done": true
  },
  "mcwdoors:recipes/jungle/jungle_paper_door": {
    "criteria": {
      "has_planks": "2024-09-24 20:07:02 +0000"
    },
    "done": true
  },
  "mcwwindows:recipes/stone/stone_window2": {
    "criteria": {
      "has_planks": "2024-09-24 20:07:02 +0000"
    },
    "done": true
  },
  "vampirism:recipes/vampirism/hunter/cross": {
    "criteria": {
      "has_holy": "2024-09-24 20:10:34 +0000"
    },
    "done": true
  },
  "mcwdoors:recipes/birch/birch_classic_door": {
    "criteria": {
      "has_planks": "2024-09-24 20:07:02 +0000"
    },
    "done": true
  },
  "mcwtrpdoors:recipes/acacia/crimson_bark_trapdoor": {
    "criteria": {
      "has_planks": "2024-09-24 20:07:02 +0000"
    },
    "done": true
  },
  "mcwdoors:recipes/dark_oak/dark_oak_tropical_door": {
    "criteria": {
      "has_planks": "2024-09-24 20:07:01 +0000"
    },
    "done": true
  },
  "mcwdoors:recipes/birch/birch_barn_door": {
    "criteria": {
      "has_planks": "2024-09-24 20:07:02 +0000"
    },
    "done": true
  },
  "mcwbridges:recipes/most1": {
    "criteria": {
      "has_planks": "2024-09-24 20:07:02 +0000"
    },
    "done": true
  },
  "mcwdoors:recipes/warped/warped_stable_door": {
    "criteria": {
      "has_planks": "2024-09-24 20:07:01 +0000"
    },
    "done": true
  },
  "mcwdoors:recipes/warped/warped_modern_door": {
    "criteria": {
      "has_planks": "2024-09-24 20:07:02 +0000"
    },
    "done": true
  },
  "mcwdoors:recipes/oak/oak_glass_door": {
    "criteria": {
      "has_planks": "2024-09-24 20:07:01 +0000"
    },
    "done": true
  },
  "mcwdoors:recipes/acacia/acacia_beach_door": {
    "criteria": {
      "has_planks": "2024-09-24 20:07:02 +0000"
    },
    "done": true
  },
  "mcwbridges:recipes/oak_log_bridge_stair": {
    "criteria": {
      "has_planks": "2024-09-24 20:07:01 +0000"
    },
    "done": true
  },
  "mcwdoors:recipes/birch/birch_stable_head_door": {
    "criteria": {
      "has_planks": "2024-09-24 20:07:01 +0000"
    },
    "done": true
  },
  "mcwtrpdoors:recipes/crimson/crimson_beach_trapdoor": {
    "criteria": {
      "has_planks": "2024-09-24 20:07:01 +0000"
    },
    "done": true
  },
  "mcwwindows:recipes/parapet/dark_oak_log_parapet": {
    "criteria": {
      "has_planks": "2024-09-24 20:07:01 +0000"
    },
    "done": true
  },
  "mcwfurnitures:recipes/warped": {
    "criteria": {
      "has_planks": "2024-09-24 20:07:01 +0000"
    },
    "done": true
  },
  "mcwtrpdoors:recipes/acacia/birch_bark_trapdoor": {
    "criteria": {
      "has_planks": "2024-09-24 20:07:01 +0000"
    },
    "done": true
  },
  "mcwdoors:recipes/jungle/jungle_nether_door": {
    "criteria": {
      "has_planks": "2024-09-24 20:07:02 +0000"
    },
    "done": true
  },
  "mcwdoors:recipes/jungle/jungle_japanese2_door": {
    "criteria": {
      "has_planks": "2024-09-24 20:07:01 +0000"
    },
    "done": true
  },
  "mcwtrpdoors:recipes/print_tropical": {
    "criteria": {
      "has_planks": "2024-09-24 20:07:01 +0000"
    },
    "done": true
  },
  "mcwtrpdoors:recipes/birch/birch_tropical_trapdoor": {
    "criteria": {
      "has_planks": "2024-09-24 20:07:02 +0000"
    },
    "done": true
  },
  "mcwtrpdoors:recipes/spruce/spruce_barred_trapdoor": {
    "criteria": {
      "has_planks": "2024-09-24 20:07:01 +0000"
    },
    "done": true
  },
  "vampirism:main/root": {
    "criteria": {
      "second": "2024-09-24 20:09:47 +0000"
    },
    "done": true
  },
  "mcwdoors:recipes/acacia/acacia_classic_door": {
    "criteria": {
      "has_planks": "2024-09-24 20:07:02 +0000"
    },
    "done": true
  },
  "mcwdoors:recipes/dark_oak/dark_oak_nether_door": {
    "criteria": {
      "has_planks": "2024-09-24 20:07:02 +0000"
    },
    "done": true
  },
  "mcwwindows:recipes/blinds/acacia_blinds": {
    "criteria": {
      "has_planks": "2024-09-24 20:07:02 +0000"
    },
    "done": true
  },
  "mcwtrpdoors:recipes/jungle/jungle_paper_trapdoor": {
    "criteria": {
      "has_planks": "2024-09-24 20:07:02 +0000"
    },
    "done": true
  },
  "mcwbridges:recipes/bamboo_bridge_stair": {
    "criteria": {
      "has_planks": "2024-09-24 20:07:01 +0000"
    },
    "done": true
  },
  "mcwtrpdoors:recipes/warped/warped_cottage_trapdoor": {
    "criteria": {
      "has_planks": "2024-09-24 20:07:01 +0000"
    },
    "done": true
  },
  "mcwfurnitures:recipes/birch": {
    "criteria": {
      "has_planks": "2024-09-24 20:07:01 +0000"
    },
    "done": true
  },
  "mcwdoors:recipes/crimson/crimson_glass_door": {
    "criteria": {
      "has_planks": "2024-09-24 20:07:02 +0000"
    },
    "done": true
  },
  "mcwdoors:recipes/acacia/acacia_barn_door": {
    "criteria": {
      "has_planks": "2024-09-24 20:07:01 +0000"
    },
    "done": true
  },
  "mcwbridges:recipes/jungle_rope_bridge_stair": {
    "criteria": {
      "has_planks": "2024-09-24 20:07:02 +0000"
    },
    "done": true
  },
  "mcwdoors:recipes/spruce/spruce_tropical_door": {
    "criteria": {
      "has_planks": "2024-09-24 20:07:02 +0000"
    },
    "done": true
  },
  "mcwtrpdoors:recipes/warped/warped_classic_trapdoor": {
    "criteria": {
      "has_planks": "2024-09-24 20:07:02 +0000"
    },
    "done": true
  },
  "mcwdoors:recipes/warped/warped_japanese_door": {
    "criteria": {
      "has_planks": "2024-09-24 20:07:02 +0000"
    },
    "done": true
  },
  "minecraft:recipes/building_blocks/blue_wool": {
    "criteria": {
      "has_white_wool": "2024-09-24 20:11:53 +0000"
    },
    "done": true
  },
  "mcwdoors:recipes/birch/birch_mystic_door": {
    "criteria": {
      "has_planks": "2024-09-24 20:07:01 +0000"
    },
    "done": true
  },
  "mcwdoors:recipes/crimson/crimson_stable_door": {
    "criteria": {
      "has_planks": "2024-09-24 20:07:01 +0000"
    },
    "done": true
  },
  "mcwbridges:recipes/mossy_stone_brick_bridge": {
    "criteria": {
      "has_planks": "2024-09-24 20:07:02 +0000"
    },
    "done": true
  },
  "mcwdoors:recipes/spruce/spruce_bark_glass_door": {
    "criteria": {
      "has_planks": "2024-09-24 20:07:02 +0000"
    },
    "done": true
  },
  "mcwdoors:recipes/jungle/jungle_four_panel_door": {
    "criteria": {
      "has_planks": "2024-09-24 20:07:02 +0000"
    },
    "done": true
  },
  "mcwdoors:recipes/acacia/acacia_modern_door": {
    "criteria": {
      "has_planks": "2024-09-24 20:07:02 +0000"
    },
    "done": true
  },
  "infernalexp:recipes/food/cured_jerky": {
    "criteria": {
      "has_soul_salt_clump": "2024-09-24 20:07:01 +0000"
    },
    "done": true
  },
  "mcwdoors:recipes/spruce/spruce_four_panel_door": {
    "criteria": {
      "has_planks": "2024-09-24 20:07:01 +0000"
    },
    "done": true
  },
  "mcwdoors:recipes/birch/birch_japanese2_door": {
    "criteria": {
      "has_planks": "2024-09-24 20:07:01 +0000"
    },
    "done": true
  },
  "mcwwindows:recipes/strip/stripped_spruce_log_window2": {
    "criteria": {
      "has_planks": "2024-09-24 20:07:02 +0000"
    },
    "done": true
  },
  "mcwdoors:recipes/spruce/spruce_paper_door": {
    "criteria": {
      "has_planks": "2024-09-24 20:07:01 +0000"
    },
    "done": true
  },
  "mcwbridges:recipes/deepslate_tile_bridge_stair": {
    "criteria": {
      "has_planks": "2024-09-24 20:07:01 +0000"
    },
    "done": true
  },
  "mcwwindows:recipes/parapet/birch_plank_parapet": {
    "criteria": {
      "has_planks": "2024-09-24 20:07:01 +0000"
    },
    "done": true
  },
  "minecraft:recipes/transportation/acacia_boat": {
    "criteria": {
      "in_water": "2024-09-24 20:11:56 +0000"
    },
    "done": true
  },
  "mcwwindows:recipes/parapet/warped_stem_parapet": {
    "criteria": {
      "has_planks": "2024-09-24 20:07:01 +0000"
    },
    "done": true
  },
  "minecraft:adventure/root": {
    "criteria": {
      "killed_something": "2024-09-24 20:09:46 +0000"
    },
    "done": true
  },
  "infernalexp:recipes/redstone/soul_slate_button": {
    "criteria": {
      "has_soul_slate": "2024-09-24 20:07:01 +0000"
    },
    "done": true
  },
  "mcwbridges:recipes/jungle_log_bridge_middle": {
    "criteria": {
      "has_planks": "2024-09-24 20:07:00 +0000"
    },
    "done": true
  },
  "mcwbridges:recipes/dry_bamboo_bridge_pier": {
    "criteria": {
      "has_planks": "2024-09-24 20:07:02 +0000"
    },
    "done": true
  },
  "mcwtrpdoors:recipes/crimson/crimson_cottage_trapdoor": {
    "criteria": {
      "has_planks": "2024-09-24 20:07:01 +0000"
    },
    "done": true
  },
  "mcwbridges:recipes/blackstone_bridge_stair": {
    "criteria": {
      "has_planks": "2024-09-24 20:07:01 +0000"
    },
    "done": true
  },
  "mcwbridges:recipes/brick_bridge_stair": {
    "criteria": {
      "has_planks": "2024-09-24 20:07:02 +0000"
    },
    "done": true
  },
  "mcwbridges:recipes/dark_oak_bridge_pier": {
    "criteria": {
      "has_planks": "2024-09-24 20:07:01 +0000"
    },
    "done": true
  },
  "mcwtrpdoors:recipes/crimson/crimson_barn_trapdoor": {
    "criteria": {
      "has_planks": "2024-09-24 20:07:02 +0000"
    },
    "done": true
  },
  "mcwwindows:recipes/arrow/cobblestone_arrow_slit": {
    "criteria": {
      "has_planks": "2024-09-24 20:07:01 +0000"
    },
    "done": true
  },
  "mcwdoors:recipes/oak/oak_barn_glass_door": {
    "criteria": {
      "has_planks": "2024-09-24 20:07:01 +0000"
    },
    "done": true
  },
  "mcwbridges:recipes/sandstone_bridge_pier": {
    "criteria": {
      "has_planks": "2024-09-24 20:07:01 +0000"
    },
    "done": true
  },
  "mcwbridges:recipes/dark_oak_log_bridge_stair": {
    "criteria": {
      "has_planks": "2024-09-24 20:07:01 +0000"
    },
    "done": true
  },
  "mcwwindows:recipes/arrow/ender_brick_arrow_slit": {
    "criteria": {
      "has_planks": "2024-09-24 20:07:02 +0000"
    },
    "done": true
  },
  "mcwdoors:recipes/acacia/acacia_bark_glass_door": {
    "criteria": {
      "has_planks": "2024-09-24 20:07:01 +0000"
    },
    "done": true
  },
  "mcwbridges:recipes/jungle_log_bridge_stair": {
    "criteria": {
      "has_planks": "2024-09-24 20:07:01 +0000"
    },
    "done": true
  },
  "mcwdoors:recipes/garage_gray_door": {
    "criteria": {
      "has_planks": "2024-09-24 20:07:02 +0000"
    },
    "done": true
  },
  "mcwbridges:recipes/deepslate_brick_bridge": {
    "criteria": {
      "has_planks": "2024-09-24 20:07:02 +0000"
    },
    "done": true
  },
  "mcwwindows:recipes/stone/stone_window": {
    "criteria": {
      "has_planks": "2024-09-24 20:07:01 +0000"
    },
    "done": true
  },
  "mcwdoors:recipes/crimson/crimson_cottage_door": {
    "criteria": {
      "has_planks": "2024-09-24 20:07:02 +0000"
    },
    "done": true
  },
  "mcwdoors:recipes/jungle/jungle_stable_head_door": {
    "criteria": {
      "has_planks": "2024-09-24 20:07:01 +0000"
    },
    "done": true
  },
  "minecraft:recipes/food/cooked_mutton_from_smoking": {
    "criteria": {
      "has_mutton": "2024-09-24 20:11:53 +0000"
    },
    "done": true
  },
  "mcwtrpdoors:recipes/birch/birch_glass_trapdoor": {
    "criteria": {
      "has_planks": "2024-09-24 20:07:01 +0000"
    },
    "done": true
  },
  "mcwdoors:recipes/acacia/acacia_japanese2_door": {
    "criteria": {
      "has_planks": "2024-09-24 20:07:02 +0000"
    },
    "done": true
  },
  "mcwdoors:recipes/crimson/crimson_classic_door": {
    "criteria": {
      "has_planks": "2024-09-24 20:07:01 +0000"
    },
    "done": true
  },
  "mcwdoors:recipes/print_oak": {
    "criteria": {
      "has_planks": "2024-09-24 20:07:01 +0000"
    },
    "done": true
  },
  "mcwdoors:recipes/jail_door": {
    "criteria": {
      "has_planks": "2024-09-24 20:07:02 +0000"
    },
    "done": true
  },
  "mcwfurnitures:recipes/acacia": {
    "criteria": {
      "has_planks": "2024-09-24 20:07:01 +0000"
    },
    "done": true
  },
  "mcwdoors:recipes/acacia/acacia_four_panel_door": {
    "criteria": {
      "has_planks": "2024-09-24 20:07:01 +0000"
    },
    "done": true
  },
  "mcwwindows:recipes/blinds/dark_oak_blinds": {
    "criteria": {
      "has_planks": "2024-09-24 20:07:02 +0000"
    },
    "done": true
  },
  "mcwtrpdoors:recipes/crimson/crimson_mystic_trapdoor": {
    "criteria": {
      "has_planks": "2024-09-24 20:07:01 +0000"
    },
    "done": true
  },
  "mcwdoors:recipes/crimson/crimson_paper_door": {
    "criteria": {
      "has_planks": "2024-09-24 20:07:02 +0000"
    },
    "done": true
  },
  "mcwdoors:recipes/spruce/spruce_western_door": {
    "criteria": {
      "has_planks": "2024-09-24 20:07:01 +0000"
    },
    "done": true
  },
  "mcwtrpdoors:recipes/birch/birch_barn_trapdoor": {
    "criteria": {
      "has_planks": "2024-09-24 20:07:01 +0000"
    },
    "done": true
  },
  "mcwdoors:recipes/garage_white_door": {
    "criteria": {
      "has_planks": "2024-09-24 20:07:01 +0000"
    },
    "done": true
  },
  "whisperwoods:recipes/whisperwoods/hand_of_fate": {
    "criteria": {
      "has_blaze_powder": "2024-09-24 20:07:01 +0000"
    },
    "done": true
  },
  "minecraft:recipes/food/cooked_porkchop": {
    "criteria": {
      "has_porkchop": "2024-09-24 20:15:02 +0000"
    },
    "done": true
  },
  "mcwbridges:recipes/warped_bridge_pier": {
    "criteria": {
      "has_planks": "2024-09-24 20:07:02 +0000"
    },
    "done": true
  },
  "mcwtrpdoors:recipes/dark_oak/dark_oak_barred_trapdoor": {
    "criteria": {
      "has_planks": "2024-09-24 20:07:02 +0000"
    },
    "done": true
  },
  "mcwbridges:recipes/sandstone_bridge_stair": {
    "criteria": {
      "has_planks": "2024-09-24 20:07:02 +0000"
    },
    "done": true
  },
  "minecraft:recipes/food/cooked_porkchop_from_campfire_cooking": {
    "criteria": {
      "has_porkchop": "2024-09-24 20:15:02 +0000"
    },
    "done": true
  },
  "mcwdoors:recipes/spruce/spruce_stable_head_door": {
    "criteria": {
      "has_planks": "2024-09-24 20:07:01 +0000"
    },
    "done": true
  },
  "mcwdoors:recipes/crimson/crimson_beach_door": {
    "criteria": {
      "has_planks": "2024-09-24 20:07:02 +0000"
    },
    "done": true
  },
  "mcwbridges:recipes/acacia_log_bridge_middle": {
    "criteria": {
      "has_planks": "2024-09-24 20:07:02 +0000"
    },
    "done": true
  },
  "mcwwindows:recipes/strip/stripped_crimson_stem_window": {
    "criteria": {
      "has_planks": "2024-09-24 20:07:02 +0000"
    },
    "done": true
  },
  "mcwdoors:recipes/print_jungle": {
    "criteria": {
      "has_planks": "2024-09-24 20:07:01 +0000"
    },
    "done": true
  },
  "mcwbridges:recipes/spruce_log_bridge_stair": {
    "criteria": {
      "has_planks": "2024-09-24 20:07:02 +0000"
    },
    "done": true
  },
  "mcwdoors:recipes/jungle/jungle_modern_door": {
    "criteria": {
      "has_planks": "2024-09-24 20:07:01 +0000"
    },
    "done": true
  },
  "mcwbridges:recipes/jungle_rail_bridge": {
    "criteria": {
      "has_planks": "2024-09-24 20:07:01 +0000"
    },
    "done": true
  },
  "mcwdoors:recipes/spruce/spruce_japanese_door": {
    "criteria": {
      "has_planks": "2024-09-24 20:07:02 +0000"
    },
    "done": true
  },
  "minecraft:recipes/building_blocks/black_wool": {
    "criteria": {
      "has_white_wool": "2024-09-24 20:11:53 +0000"
    },
    "done": true
  },
  "mcwwindows:recipes/parapet/oak_plank_parapet": {
    "criteria": {
      "has_planks": "2024-09-24 20:07:01 +0000"
    },
    "done": true
  },
  "mcwdoors:recipes/warped/warped_beach_door": {
    "criteria": {
      "has_planks": "2024-09-24 20:07:02 +0000"
    },
    "done": true
  },
  "mcwwindows:recipes/mosaic_block/pink_mosaic_glass": {
    "criteria": {
      "has_planks": "2024-09-24 20:07:01 +0000"
    },
    "done": true
  },
  "mcwbridges:recipes/spruce_bridge_pier": {
    "criteria": {
      "has_planks": "2024-09-24 20:07:02 +0000"
    },
    "done": true
  },
  "mcwwindows:recipes/blinds/birch_blinds": {
    "criteria": {
      "has_planks": "2024-09-24 20:07:01 +0000"
    },
    "done": true
  },
  "mcwtrpdoors:recipes/jungle/jungle_tropical_trapdoor": {
    "criteria": {
      "has_planks": "2024-09-24 20:07:01 +0000"
    },
    "done": true
  },
  "mcwtrpdoors:recipes/acacia/dark_oak_bark_trapdoor": {
    "criteria": {
      "has_planks": "2024-09-24 20:07:02 +0000"
    },
    "done": true
  },
  "vampirism:recipes/vampirism/vampire/garlic_finder": {
    "criteria": {
      "has_garlic": "2024-09-24 20:09:47 +0000"
    },
    "done": true
  },
  "mcwdoors:recipes/warped/warped_stem_glass_door": {
    "criteria": {
      "has_planks": "2024-09-24 20:07:01 +0000"
    },
    "done": true
  },
  "mcwdoors:recipes/warped/warped_stable_head_door": {
    "criteria": {
      "has_planks": "2024-09-24 20:07:01 +0000"
    },
    "done": true
  },
  "mcwwindows:recipes/planks/birch_plank_window2": {
    "criteria": {
      "has_planks": "2024-09-24 20:07:02 +0000"
    },
    "done": true
  },
  "decorative_blocks:recipes/decorative_blocks.general/rocky_dirt": {
    "criteria": {
      "has_dirt": "2024-09-24 20:08:46 +0000"
    },
    "done": true
  },
  "mcwtrpdoors:recipes/acacia/jungle_bark_trapdoor": {
    "criteria": {
      "has_planks": "2024-09-24 20:07:02 +0000"
    },
    "done": true
  },
  "mcwtrpdoors:recipes/oak/oak_cottage_trapdoor": {
    "criteria": {
      "has_planks": "2024-09-24 20:07:01 +0000"
    },
    "done": true
  },
  "mcwtrpdoors:recipes/acacia/acacia_bark_trapdoor": {
    "criteria": {
      "has_planks": "2024-09-24 20:07:01 +0000"
    },
    "done": true
  },
  "mcwbridges:recipes/oak_bridge_pier": {
    "criteria": {
      "has_planks": "2024-09-24 20:07:02 +0000"
    },
    "done": true
  },
  "mcwdoors:recipes/oak/oak_japanese_door": {
    "criteria": {
      "has_planks": "2024-09-24 20:07:01 +0000"
    },
    "done": true
  },
  "mcwdoors:recipes/crimson/crimson_mystic_door": {
    "criteria": {
      "has_planks": "2024-09-24 20:07:02 +0000"
    },
    "done": true
  },
  "mcwdoors:recipes/dark_oak/dark_oak_cottage_door": {
    "criteria": {
      "has_planks": "2024-09-24 20:07:02 +0000"
    },
    "done": true
  },
  "mcwwindows:recipes/parapet/acacia_log_parapet": {
    "criteria": {
      "has_planks": "2024-09-24 20:07:02 +0000"
    },
    "done": true
  },
  "mcwtrpdoors:recipes/crimson/crimson_four_panel_trapdoor": {
    "criteria": {
      "has_planks": "2024-09-24 20:07:02 +0000"
    },
    "done": true
  },
  "mcwdoors:recipes/oak/oak_beach_door": {
    "criteria": {
      "has_planks": "2024-09-24 20:07:02 +0000"
    },
    "done": true
  },
  "mcwtrpdoors:recipes/warped/warped_barred_trapdoor": {
    "criteria": {
      "has_planks": "2024-09-24 20:07:02 +0000"
    },
    "done": true
  },
  "minecraft:recipes/building_blocks/light_blue_wool": {
    "criteria": {
      "has_white_wool": "2024-09-24 20:11:53 +0000"
    },
    "done": true
  },
  "mcwwindows:recipes/arrow/nether_brick_arrow_slit": {
    "criteria": {
      "has_planks": "2024-09-24 20:07:01 +0000"
    },
    "done": true
  },
  "mcwwindows:recipes/parapet/spruce_plank_parapet": {
    "criteria": {
      "has_planks": "2024-09-24 20:07:02 +0000"
    },
    "done": true
  },
  "mcwtrpdoors:recipes/spruce/spruce_beach_trapdoor": {
    "criteria": {
      "has_planks": "2024-09-24 20:07:02 +0000"
    },
    "done": true
  },
  "mcwfurnitures:recipes/oak": {
    "criteria": {
      "has_planks": "2024-09-24 20:07:01 +0000"
    },
    "done": true
  },
  "mcwdoors:recipes/birch/birch_nether_door": {
    "criteria": {
      "has_planks": "2024-09-24 20:07:02 +0000"
    },
    "done": true
  },
  "mcwbridges:recipes/dark_oak_log_bridge_middle": {
    "criteria": {
      "has_planks": "2024-09-24 20:07:01 +0000"
    },
    "done": true
  },
  "mcwbridges:recipes/crimson_rail_bridge": {
    "criteria": {
      "has_planks": "2024-09-24 20:07:01 +0000"
    },
    "done": true
  },
  "mcwdoors:recipes/dark_oak/dark_oak_stable_head_door": {
    "criteria": {
      "has_planks": "2024-09-24 20:07:01 +0000"
    },
    "done": true
  },
  "mcwdoors:recipes/acacia/acacia_cottage_door": {
    "criteria": {
      "has_planks": "2024-09-24 20:07:02 +0000"
    },
    "done": true
  },
  "mcwdoors:recipes/oak/oak_bark_glass_door": {
    "criteria": {
      "has_planks": "2024-09-24 20:07:01 +0000"
    },
    "done": true
  },
  "mcwbridges:recipes/warped_rail_bridge": {
    "criteria": {
      "has_planks": "2024-09-24 20:07:02 +0000"
    },
    "done": true
  },
  "mcwbridges:recipes/birch_log_bridge_middle": {
    "criteria": {
      "has_planks": "2024-09-24 20:07:01 +0000"
    },
    "done": true
  },
  "mcwbridges:recipes/blackstone_bridge": {
    "criteria": {
      "has_planks": "2024-09-24 20:07:01 +0000"
    },
    "done": true
  },
  "mcwwindows:recipes/mosaic_block/lime_mosaic_glass": {
    "criteria": {
      "has_planks": "2024-09-24 20:07:01 +0000"
    },
    "done": true
  },
  "mcwdoors:recipes/crimson/crimson_four_panel_door": {
    "criteria": {
      "has_planks": "2024-09-24 20:07:01 +0000"
    },
    "done": true
  },
  "mcwtrpdoors:recipes/jungle/jungle_barred_trapdoor": {
    "criteria": {
      "has_planks": "2024-09-24 20:07:02 +0000"
    },
    "done": true
  },
  "mcwdoors:recipes/metal_warning_door": {
    "criteria": {
      "has_planks": "2024-09-24 20:07:01 +0000"
    },
    "done": true
  },
  "mcwbridges:recipes/rope_dark_oak_bridge": {
    "criteria": {
      "has_planks": "2024-09-24 20:07:02 +0000"
    },
    "done": true
  },
  "mcwtrpdoors:recipes/acacia/acacia_barn_trapdoor": {
    "criteria": {
      "has_planks": "2024-09-24 20:07:01 +0000"
    },
    "done": true
  },
  "vampirism:hunter/betrayal": {
    "criteria": {
      "kill": "2024-09-24 20:09:46 +0000"
    },
    "done": false
  },
  "mcwdoors:recipes/jungle/jungle_western_door": {
    "criteria": {
      "has_planks": "2024-09-24 20:07:02 +0000"
    },
    "done": true
  },
  "mcwdoors:recipes/print_spruce": {
    "criteria": {
      "has_planks": "2024-09-24 20:07:01 +0000"
    },
    "done": true
  },
  "mcwtrpdoors:recipes/warped/warped_beach_trapdoor": {
    "criteria": {
      "has_planks": "2024-09-24 20:07:02 +0000"
    },
    "done": true
  },
  "mcwwindows:recipes/mosaic_block/brown_mosaic_glass": {
    "criteria": {
      "has_planks": "2024-09-24 20:07:01 +0000"
    },
    "done": true
  },
  "mcwwindows:recipes/windows/jungle_window2": {
    "criteria": {
      "has_planks": "2024-09-24 20:07:01 +0000"
    },
    "done": true
  },
  "mcwdoors:recipes/metal_hospital_door": {
    "criteria": {
      "has_planks": "2024-09-24 20:07:02 +0000"
    },
    "done": true
  },
  "mcwwindows:recipes/planks/acacia_plank_window2": {
    "criteria": {
      "has_planks": "2024-09-24 20:07:02 +0000"
    },
    "done": true
  },
  "minecraft:recipes/building_blocks/yellow_wool": {
    "criteria": {
      "has_white_wool": "2024-09-24 20:11:53 +0000"
    },
    "done": true
  },
  "mcwwindows:recipes/planks/jungle_plank_window2": {
    "criteria": {
      "has_planks": "2024-09-24 20:07:02 +0000"
    },
    "done": true
  },
  "mcwbridges:recipes/red_sandstone_bridge_stair": {
    "criteria": {
      "has_planks": "2024-09-24 20:07:01 +0000"
    },
    "done": true
  },
  "mcwtrpdoors:recipes/acacia/warped_bark_trapdoor": {
    "criteria": {
      "has_planks": "2024-09-24 20:07:02 +0000"
    },
    "done": true
  },
  "minecraft:recipes/food/cooked_porkchop_from_smoking": {
    "criteria": {
      "has_porkchop": "2024-09-24 20:15:02 +0000"
    },
    "done": true
  },
  "artifacts:amateur_archaeologist": {
    "criteria": {
      "find_artifact": "2024-09-24 20:10:05 +0000"
    },
    "done": true
  },
  "mcwbridges:recipes/deepslate_brick_bridge_pier": {
    "criteria": {
      "has_planks": "2024-09-24 20:07:01 +0000"
    },
    "done": true
  },
  "mcwbridges:recipes/spruce_rail_bridge": {
    "criteria": {
      "has_planks": "2024-09-24 20:07:02 +0000"
    },
    "done": true
  },
  "mcwwindows:recipes/planks/birch_plank_window": {
    "criteria": {
      "has_planks": "2024-09-24 20:07:01 +0000"
    },
    "done": true
  },
  "mcwbridges:recipes/birch_rail_bridge": {
    "criteria": {
      "has_planks": "2024-09-24 20:07:01 +0000"
    },
    "done": true
  },
  "mcwtrpdoors:recipes/birch/birch_beach_trapdoor": {
    "criteria": {
      "has_planks": "2024-09-24 20:07:01 +0000"
    },
    "done": true
  },
  "mcwdoors:recipes/birch/birch_cottage_door": {
    "criteria": {
      "has_planks": "2024-09-24 20:07:01 +0000"
    },
    "done": true
  },
  "mcwwindows:recipes/planks/spruce_plank_window": {
    "criteria": {
      "has_planks": "2024-09-24 20:07:02 +0000"
    },
    "done": true
  },
  "betterdungeons:root": {
    "criteria": {
      "always": "2024-09-24 20:07:02 +0000"
    },
    "done": true
  },
  "mcwdoors:recipes/acacia/acacia_western_door": {
    "criteria": {
      "has_planks": "2024-09-24 20:07:02 +0000"
    },
    "done": true
  },
  "mcwwindows:recipes/stone/andesite_window2": {
    "criteria": {
      "has_planks": "2024-09-24 20:07:02 +0000"
    },
    "done": true
  },
  "mcwdoors:recipes/dark_oak/dark_oak_classic_door": {
    "criteria": {
      "has_planks": "2024-09-24 20:07:02 +0000"
    },
    "done": true
  },
  "infernalexp:recipes/building_blocks/glass": {
    "criteria": {
      "has_silt": "2024-09-24 20:07:01 +0000"
    },
    "done": true
  },
  "mcwtrpdoors:recipes/print_cottage": {
    "criteria": {
      "has_planks": "2024-09-24 20:07:01 +0000"
    },
    "done": true
  },
  "mcwtrpdoors:recipes/acacia/oak_bark_trapdoor": {
    "criteria": {
      "has_planks": "2024-09-24 20:07:01 +0000"
    },
    "done": true
  },
  "mcwtrpdoors:recipes/warped/warped_barn_trapdoor": {
    "criteria": {
      "has_planks": "2024-09-24 20:07:01 +0000"
    },
    "done": true
  },
  "mcwwindows:recipes/strip/stripped_jungle_log_window2": {
    "criteria": {
      "has_planks": "2024-09-24 20:07:01 +0000"
    },
    "done": true
  },
  "mcwtrpdoors:recipes/jungle/jungle_glass_trapdoor": {
    "criteria": {
      "has_planks": "2024-09-24 20:07:01 +0000"
    },
    "done": true
  },
  "mcwtrpdoors:recipes/metal/metal_trapdoor": {
    "criteria": {
      "has_planks": "2024-09-24 20:07:02 +0000"
    },
    "done": true
  },
  "infernalexp:recipes/combat/glowsilk_bow": {
    "criteria": {
      "has_glowsilk": "2024-09-24 20:07:01 +0000"
    },
    "done": true
  },
  "mcwfurnitures:recipes/crimson": {
    "criteria": {
      "has_planks": "2024-09-24 20:07:01 +0000"
    },
    "done": true
  },
  "mcwbridges:recipes/spruce_rope_bridge_stair": {
    "criteria": {
      "has_planks": "2024-09-24 20:07:02 +0000"
    },
    "done": true
  },
  "minecraft:adventure/adventuring_time": {
    "criteria": {
      "minecraft:birch_forest": "2024-09-24 20:07:02 +0000"
    },
    "done": false
  },
  "mcwwindows:recipes/planks/crimson_planks_window": {
    "criteria": {
      "has_planks": "2024-09-24 20:07:02 +0000"
    },
    "done": true
  },
  "mcwwindows:recipes/arrow/stone_brick_arrow_slit": {
    "criteria": {
      "has_planks": "2024-09-24 20:07:01 +0000"
    },
    "done": true
  },
  "mcwbridges:recipes/bamboo_bridge_pier": {
    "criteria": {
      "has_planks": "2024-09-24 20:07:02 +0000"
    },
    "done": true
  },
  "mcwdoors:recipes/garage_remote": {
    "criteria": {
      "has_planks": "2024-09-24 20:07:01 +0000"
    },
    "done": true
  },
  "mcwbridges:recipes/birch_rope_bridge_stair": {
    "criteria": {
      "has_planks": "2024-09-24 20:07:01 +0000"
    },
    "done": true
  },
  "mcwbridges:recipes/dark_oak_rope_bridge_stair": {
    "criteria": {
      "has_planks": "2024-09-24 20:07:02 +0000"
    },
    "done": true
  },
  "mcwtrpdoors:recipes/dark_oak/dark_oak_barn_trapdoor": {
    "criteria": {
      "has_planks": "2024-09-24 20:07:01 +0000"
    },
    "done": true
  },
  "mcwtrpdoors:recipes/print_paper": {
    "criteria": {
      "has_planks": "2024-09-24 20:07:01 +0000"
    },
    "done": true
  },
  "mcwdoors:recipes/crimson/crimson_barn_glass_door": {
    "criteria": {
      "has_planks": "2024-09-24 20:07:02 +0000"
    },
    "done": true
  },
  "vampirism:recipes/food/general/garlic_bread": {
    "criteria": {
      "has_garlic": "2024-09-24 20:09:47 +0000"
    },
    "done": true
  },
  "mcwwindows:recipes/mosaic_block/black_mosaic_glass": {
    "criteria": {
      "has_planks": "2024-09-24 20:07:01 +0000"
    },
    "done": true
  },
  "mcwtrpdoors:recipes/acacia/acacia_barred_trapdoor": {
    "criteria": {
      "has_planks": "2024-09-24 20:07:01 +0000"
    },
    "done": true
  },
  "mcwdoors:recipes/warped/warped_cottage_door": {
    "criteria": {
      "has_planks": "2024-09-24 20:07:01 +0000"
    },
    "done": true
  },
  "mcwbridges:recipes/dark_oak_rail_bridge": {
    "criteria": {
      "has_planks": "2024-09-24 20:07:02 +0000"
    },
    "done": true
  },
  "mcwtrpdoors:recipes/spruce/spruce_mystic_trapdoor": {
    "criteria": {
      "has_planks": "2024-09-24 20:07:02 +0000"
    },
    "done": true
  },
  "mcwdoors:recipes/print_dark_oak": {
    "criteria": {
      "has_planks": "2024-09-24 20:07:01 +0000"
    },
    "done": true
  },
  "mcwwindows:recipes/parapet/dark_oak_plank_parapet": {
    "criteria": {
      "has_planks": "2024-09-24 20:07:02 +0000"
    },
    "done": true
  },
  "infernalexp:recipes/redstone/smooth_dimstone_button": {
    "criteria": {
      "has_smooth_dimstone": "2024-09-24 20:07:02 +0000"
    },
    "done": true
  },
  "mcwwindows:recipes/mosaic_block/orange_mosaic_glass": {
    "criteria": {
      "has_planks": "2024-09-24 20:07:02 +0000"
    },
    "done": true
  },
  "mcwwindows:recipes/strip/stripped_warped_stem_window": {
    "criteria": {
      "has_planks": "2024-09-24 20:07:01 +0000"
    },
    "done": true
  },
  "mcwdoors:recipes/jungle/jungle_stable_door": {
    "criteria": {
      "has_planks": "2024-09-24 20:07:01 +0000"
    },
    "done": true
  },
  "mcwdoors:recipes/warped/warped_classic_door": {
    "criteria": {
      "has_planks": "2024-09-24 20:07:02 +0000"
    },
    "done": true
  },
  "mcwdoors:recipes/garage_black_door": {
    "criteria": {
      "has_planks": "2024-09-24 20:07:02 +0000"
    },
    "done": true
  },
  "mcwdoors:recipes/crimson/crimson_tropical_door": {
    "criteria": {
      "has_planks": "2024-09-24 20:07:01 +0000"
    },
    "done": true
  },
  "mcwtrpdoors:recipes/oak/oak_beach_trapdoor": {
    "criteria": {
      "has_planks": "2024-09-24 20:07:01 +0000"
    },
    "done": true
  },
  "mcwdoors:recipes/print_mystic": {
    "criteria": {
      "has_planks": "2024-09-24 20:07:01 +0000"
    },
    "done": true
  },
  "mcwtrpdoors:recipes/birch/birch_mystic_trapdoor": {
    "criteria": {
      "has_planks": "2024-09-24 20:07:01 +0000"
    },
    "done": true
  },
  "dungeons_arise:wda_root": {
    "criteria": {
      "WDA": "2024-09-24 20:07:02 +0000"
    },
    "done": true
  },
  "mcwtrpdoors:recipes/dark_oak/dark_oak_classic_trapdoor": {
    "criteria": {
      "has_planks": "2024-09-24 20:07:02 +0000"
    },
    "done": true
  },
  "mcwdoors:recipes/dark_oak/dark_oak_stable_door": {
    "criteria": {
      "has_planks": "2024-09-24 20:07:02 +0000"
    },
    "done": true
  },
  "mcwwindows:recipes/strip/stripped_warped_stem_window2": {
    "criteria": {
      "has_planks": "2024-09-24 20:07:01 +0000"
    },
    "done": true
  },
  "mcwdoors:recipes/oak/oak_western_door": {
    "criteria": {
      "has_planks": "2024-09-24 20:07:01 +0000"
    },
    "done": true
  },
  "mcwdoors:recipes/crimson/crimson_modern_door": {
    "criteria": {
      "has_planks": "2024-09-24 20:07:01 +0000"
    },
    "done": true
  },
  "mcwdoors:recipes/metal_reinforced_door": {
    "criteria": {
      "has_planks": "2024-09-24 20:07:01 +0000"
    },
    "done": true
  },
  "mcwwindows:recipes/mosaic_block/blue_mosaic_glass": {
    "criteria": {
      "has_planks": "2024-09-24 20:07:02 +0000"
    },
    "done": true
  },
  "mcwtrpdoors:recipes/jungle/jungle_classic_trapdoor": {
    "criteria": {
      "has_planks": "2024-09-24 20:07:01 +0000"
    },
    "done": true
  },
  "mcwbridges:recipes/spruce_log_bridge_middle": {
    "criteria": {
      "has_planks": "2024-09-24 20:07:01 +0000"
    },
    "done": true
  },
  "mcwwindows:recipes/strip/stripped_dark_oak_log_window2": {
    "criteria": {
      "has_planks": "2024-09-24 20:07:01 +0000"
    },
    "done": true
  },
  "infernalexp:recipes/redstone/polished_basalt_pressure_plate": {
    "criteria": {
      "has_polished_basalt": "2024-09-24 20:07:02 +0000"
    },
    "done": true
  },
  "mcwwindows:recipes/strip/stripped_acacia_log_window2": {
    "criteria": {
      "has_planks": "2024-09-24 20:07:01 +0000"
    },
    "done": true
  },
  "mcwbridges:recipes/acacia_rope_bridge_stair": {
    "criteria": {
      "has_planks": "2024-09-24 20:07:01 +0000"
    },
    "done": true
  },
  "minecraft:recipes/building_blocks/light_gray_wool": {
    "criteria": {
      "has_white_wool": "2024-09-24 20:11:53 +0000"
    },
    "done": true
  },
  "minecraft:recipes/building_blocks/red_wool": {
    "criteria": {
      "has_white_wool": "2024-09-24 20:11:53 +0000"
    },
    "done": true
  },
  "mcwdoors:recipes/birch/birch_modern_door": {
    "criteria": {
      "has_planks": "2024-09-24 20:07:02 +0000"
    },
    "done": true
  },
  "mcwwindows:recipes/mosaic_block/purple_mosaic_glass": {
    "criteria": {
      "has_planks": "2024-09-24 20:07:02 +0000"
    },
    "done": true
  },
  "mcwbridges:recipes/iron_bridge_stair": {
    "criteria": {
      "has_planks": "2024-09-24 20:07:01 +0000"
    },
    "done": true
  },
  "mcwdoors:recipes/dark_oak/dark_oak_beach_door": {
    "criteria": {
      "has_planks": "2024-09-24 20:07:01 +0000"
    },
    "done": true
  },
  "mcwwindows:recipes/stone/diorite_window": {
    "criteria": {
      "has_planks": "2024-09-24 20:07:01 +0000"
    },
    "done": true
  },
  "minecraft:recipes/food/cooked_mutton": {
    "criteria": {
      "has_mutton": "2024-09-24 20:11:53 +0000"
    },
    "done": true
  },
  "mcwdoors:recipes/acacia/acacia_japanese_door": {
    "criteria": {
      "has_planks": "2024-09-24 20:07:02 +0000"
    },
    "done": true
  },
  "mcwbridges:recipes/stone_bridge_pier": {
    "criteria": {
      "has_planks": "2024-09-24 20:07:01 +0000"
    },
    "done": true
  },
  "mcwtrpdoors:recipes/jungle/jungle_cottage_trapdoor": {
    "criteria": {
      "has_planks": "2024-09-24 20:07:01 +0000"
    },
    "done": true
  },
  "minecraft:recipes/building_blocks/purple_wool": {
    "criteria": {
      "has_white_wool": "2024-09-24 20:11:53 +0000"
    },
    "done": true
  },
  "mcwdoors:recipes/warped/warped_tropical_door": {
    "criteria": {
      "has_planks": "2024-09-24 20:07:02 +0000"
    },
    "done": true
  },
  "mcwdoors:recipes/dark_oak/dark_oak_japanese2_door": {
    "criteria": {
      "has_planks": "2024-09-24 20:07:02 +0000"
    },
    "done": true
  },
  "infernalexp:recipes/redstone/smooth_glowstone_button": {
    "criteria": {
      "has_smooth_glowstone": "2024-09-24 20:07:01 +0000"
    },
    "done": true
  },
  "mcwwindows:recipes/windows/birch_window2": {
    "criteria": {
      "has_planks": "2024-09-24 20:07:01 +0000"
    },
    "done": true
  },
  "mcwdoors:recipes/oak/oak_four_panel_door": {
    "criteria": {
      "has_planks": "2024-09-24 20:07:00 +0000"
    },
    "done": true
  },
  "infernalexp:recipes/food/cooked_hogchop_campfire": {
    "criteria": {
      "has_hogchop": "2024-09-24 20:07:01 +0000"
    },
    "done": true
  },
  "mcwdoors:recipes/warped/warped_glass_door": {
    "criteria": {
      "has_planks": "2024-09-24 20:07:02 +0000"
    },
    "done": true
  },
  "mcwwindows:recipes/gothic/stone_brick_gothic": {
    "criteria": {
      "has_planks": "2024-09-24 20:07:02 +0000"
    },
    "done": true
  },
  "minecraft:recipes/decorations/white_bed": {
    "criteria": {
      "has_white_wool": "2024-09-24 20:11:53 +0000"
    },
    "done": true
  },
  "mcwbridges:recipes/brick_bridge": {
    "criteria": {
      "has_planks": "2024-09-24 20:07:01 +0000"
    },
    "done": true
  },
  "mcwtrpdoors:recipes/dark_oak/dark_oak_tropical_trapdoor": {
    "criteria": {
      "has_planks": "2024-09-24 20:07:01 +0000"
    },
    "done": true
  },
  "mcwdoors:recipes/jungle/jungle_mystic_door": {
    "criteria": {
      "has_planks": "2024-09-24 20:07:02 +0000"
    },
    "done": true
  },
  "mcwtrpdoors:recipes/dark_oak/dark_oak_cottage_trapdoor": {
    "criteria": {
      "has_planks": "2024-09-24 20:07:01 +0000"
    },
    "done": true
  },
  "mcwbridges:recipes/rope_spruce_bridge": {
    "criteria": {
      "has_planks": "2024-09-24 20:07:01 +0000"
    },
    "done": true
  },
  "mcwwindows:recipes/stone/andesite_window": {
    "criteria": {
      "has_planks": "2024-09-24 20:07:02 +0000"
    },
    "done": true
  },
  "mcwdoors:recipes/crimson/crimson_stem_glass_door": {
    "criteria": {
      "has_planks": "2024-09-24 20:07:01 +0000"
    },
    "done": true
  },
  "mcwwindows:recipes/planks/oak_plank_window": {
    "criteria": {
      "has_planks": "2024-09-24 20:07:01 +0000"
    },
    "done": true
  },
  "mcwwindows:recipes/mosaic_block/light_gray_mosaic_glass": {
    "criteria": {
      "has_planks": "2024-09-24 20:07:02 +0000"
    },
    "done": true
  },
  "infernalexp:recipes/food/blindsight_tounge_stew": {
    "criteria": {
      "has_tongue": "2024-09-24 20:07:02 +0000",
      "has_crimson_fungus": "2024-09-24 20:07:01 +0000",
      "has_warped_fungus": "2024-09-24 20:07:02 +0000",
      "has_bowl": "2024-09-24 20:07:01 +0000",
      "has_luminous_fungus": "2024-09-24 20:07:02 +0000"
    },
    "done": true
  },
  "mcwwindows:recipes/planks/acacia_plank_window": {
    "criteria": {
      "has_planks": "2024-09-24 20:07:02 +0000"
    },
    "done": true
  },
  "mcwtrpdoors:recipes/oak/oak_barn_trapdoor": {
    "criteria": {
      "has_planks": "2024-09-24 20:07:02 +0000"
    },
    "done": true
  },
  "minecraft:recipes/building_blocks/cyan_wool": {
    "criteria": {
      "has_white_wool": "2024-09-24 20:11:53 +0000"
    },
    "done": true
  },
  "infernalexp:recipes/combat/blindsight_tongue_whip": {
    "criteria": {
      "has_molten_gold_cluster": "2024-09-24 20:07:02 +0000"
    },
    "done": true
  },
  "mcwwindows:recipes/parapet/granite_parapet": {
    "criteria": {
      "has_planks": "2024-09-24 20:07:02 +0000"
    },
    "done": true
  },
  "minecraft:recipes/transportation/spruce_boat": {
    "criteria": {
      "in_water": "2024-09-24 20:11:56 +0000"
    },
    "done": true
  },
  "mcwbridges:recipes/acacia_rail_bridge": {
    "criteria": {
      "has_planks": "2024-09-24 20:07:01 +0000"
    },
    "done": true
  },
  "mcwdoors:recipes/warped/warped_western_door": {
    "criteria": {
      "has_planks": "2024-09-24 20:07:02 +0000"
    },
    "done": true
  },
  "mcwtrpdoors:recipes/acacia/acacia_beach_trapdoor": {
    "criteria": {
      "has_planks": "2024-09-24 20:07:02 +0000"
    },
    "done": true
  },
  "infernalexp:recipes/food/cooked_hogchop_smelting": {
    "criteria": {
      "has_hogchop": "2024-09-24 20:07:01 +0000"
    },
    "done": true
  },
  "mcwdoors:recipes/oak/oak_stable_head_door": {
    "criteria": {
      "has_planks": "2024-09-24 20:07:01 +0000"
    },
    "done": true
  },
  "mcwbridges:recipes/rope_acacia_bridge": {
    "criteria": {
      "has_planks": "2024-09-24 20:07:02 +0000"
    },
    "done": true
  },
  "mcwwindows:recipes/parapet/jungle_log_parapet": {
    "criteria": {
      "has_planks": "2024-09-24 20:07:02 +0000"
    },
    "done": true
  },
  "mcwwindows:recipes/parapet/jungle_plank_parapet": {
    "criteria": {
      "has_planks": "2024-09-24 20:07:02 +0000"
    },
    "done": true
  },
  "mcwbridges:recipes/blackstone_bridge_pier": {
    "criteria": {
      "has_planks": "2024-09-24 20:07:02 +0000"
    },
    "done": true
  },
  "minecraft:recipes/building_blocks/gray_wool": {
    "criteria": {
      "has_white_wool": "2024-09-24 20:11:53 +0000"
    },
    "done": true
  },
  "mcwdoors:recipes/oak/oak_mystic_door": {
    "criteria": {
      "has_planks": "2024-09-24 20:07:02 +0000"
    },
    "done": true
  },
  "mcwwindows:recipes/windows/acacia_window": {
    "criteria": {
      "has_planks": "2024-09-24 20:07:01 +0000"
    },
    "done": true
  },
  "mcwtrpdoors:recipes/warped/warped_four_panel_trapdoor": {
    "criteria": {
      "has_planks": "2024-09-24 20:07:01 +0000"
    },
    "done": true
  },
  "mcwbridges:recipes/sandstone_bridge": {
    "criteria": {
      "has_planks": "2024-09-24 20:07:01 +0000"
    },
    "done": true
  },
  "mcwwindows:recipes/parapet/birch_log_parapet": {
    "criteria": {
      "has_planks": "2024-09-24 20:07:01 +0000"
    },
    "done": true
  },
  "mcwwindows:recipes/strip/stripped_crimson_stem_window2": {
    "criteria": {
      "has_planks": "2024-09-24 20:07:01 +0000"
    },
    "done": true
  },
  "mcwwindows:recipes/windows/warped_stem_window2": {
    "criteria": {
      "has_planks": "2024-09-24 20:07:01 +0000"
    },
    "done": true
  },
  "mcwdoors:recipes/jungle/jungle_bark_glass_door": {
    "criteria": {
      "has_planks": "2024-09-24 20:07:01 +0000"
    },
    "done": true
  },
  "mcwdoors:recipes/spruce/spruce_beach_door": {
    "criteria": {
      "has_planks": "2024-09-24 20:07:01 +0000"
    },
    "done": true
  },
  "mcwdoors:recipes/jungle/jungle_tropical_door": {
    "criteria": {
      "has_planks": "2024-09-24 20:07:01 +0000"
    },
    "done": true
  },
  "mcwdoors:recipes/spruce/spruce_barn_glass_door": {
    "criteria": {
      "has_planks": "2024-09-24 20:07:01 +0000"
    },
    "done": true
  },
  "mcwbridges:recipes/red_sandstone_bridge_pier": {
    "criteria": {
      "has_planks": "2024-09-24 20:07:01 +0000"
    },
    "done": true
  },
  "mcwdoors:recipes/spruce/spruce_barn_door": {
    "criteria": {
      "has_planks": "2024-09-24 20:07:02 +0000"
    },
    "done": true
  },
  "mcwtrpdoors:recipes/birch/birch_classic_trapdoor": {
    "criteria": {
      "has_planks": "2024-09-24 20:07:01 +0000"
    },
    "done": true
  },
  "mcwtrpdoors:recipes/birch/birch_cottage_trapdoor": {
    "criteria": {
      "has_planks": "2024-09-24 20:07:01 +0000"
    },
    "done": true
  },
  "mcwwindows:recipes/planks/spruce_plank_window2": {
    "criteria": {
      "has_planks": "2024-09-24 20:07:01 +0000"
    },
    "done": true
  },
  "mcwwindows:recipes/planks/warped_planks_window": {
    "criteria": {
      "has_planks": "2024-09-24 20:07:01 +0000"
    },
    "done": true
  },
  "tombstone:adventure/first_grave": {
    "criteria": {
      "coded_trigger": "2024-09-24 20:10:23 +0000"
    },
    "done": true
  },
  "minecraft:recipes/decorations/white_banner": {
    "criteria": {
      "has_white_wool": "2024-09-24 20:11:53 +0000"
    },
    "done": true
  },
  "mcwwindows:recipes/windows/spruce_window2": {
    "criteria": {
      "has_planks": "2024-09-24 20:07:02 +0000"
    },
    "done": true
  },
  "mcwwindows:recipes/parapet/spruce_log_parapet": {
    "criteria": {
      "has_planks": "2024-09-24 20:07:01 +0000"
    },
    "done": true
  },
  "mcwdoors:recipes/birch/birch_japanese_door": {
    "criteria": {
      "has_planks": "2024-09-24 20:07:02 +0000"
    },
    "done": true
  },
  "mcwtrpdoors:recipes/dark_oak/dark_oak_paper_trapdoor": {
    "criteria": {
      "has_planks": "2024-09-24 20:07:02 +0000"
    },
    "done": true
  },
  "mcwwindows:recipes/windows/spruce_window": {
    "criteria": {
      "has_planks": "2024-09-24 20:07:01 +0000"
    },
    "done": true
  },
  "mcwdoors:recipes/jungle/jungle_cottage_door": {
    "criteria": {
      "has_planks": "2024-09-24 20:07:01 +0000"
    },
    "done": true
  },
  "mcwwindows:recipes/strip/stripped_spruce_log_window": {
    "criteria": {
      "has_planks": "2024-09-24 20:07:01 +0000"
    },
    "done": true
  },
  "mcwdoors:recipes/birch/birch_four_panel_door": {
    "criteria": {
      "has_planks": "2024-09-24 20:07:02 +0000"
    },
    "done": true
  },
  "mcwdoors:recipes/print_birch": {
    "criteria": {
      "has_planks": "2024-09-24 20:07:01 +0000"
    },
    "done": true
  },
  "mcwdoors:recipes/dark_oak/dark_oak_mystic_door": {
    "criteria": {
      "has_planks": "2024-09-24 20:07:02 +0000"
    },
    "done": true
  },
  "mcwdoors:recipes/warped/warped_nether_door": {
    "criteria": {
      "has_planks": "2024-09-24 20:07:01 +0000"
    },
    "done": true
  },
  "mcwwindows:recipes/planks/dark_oak_plank_window": {
    "criteria": {
      "has_planks": "2024-09-24 20:07:02 +0000"
    },
    "done": true
  },
  "mcwdoors:recipes/print_acacia": {
    "criteria": {
      "has_planks": "2024-09-24 20:07:01 +0000"
    },
    "done": true
  },
  "mcwwindows:recipes/stone/granite_window2": {
    "criteria": {
      "has_planks": "2024-09-24 20:07:02 +0000"
    },
    "done": true
  },
  "mcwwindows:recipes/gothic/nether_brick_gothic": {
    "criteria": {
      "has_planks": "2024-09-24 20:07:02 +0000"
    },
    "done": true
  },
  "mcwdoors:recipes/dark_oak/dark_oak_modern_door": {
    "criteria": {
      "has_planks": "2024-09-24 20:07:02 +0000"
    },
    "done": true
  },
  "mcwtrpdoors:recipes/print_classic": {
    "criteria": {
      "has_planks": "2024-09-24 20:07:01 +0000"
    },
    "done": true
  },
  "minecraft:recipes/building_blocks/orange_wool": {
    "criteria": {
      "has_white_wool": "2024-09-24 20:11:53 +0000"
    },
    "done": true
  },
  "mcwwindows:recipes/blinds/warped_blinds": {
    "criteria": {
      "has_planks": "2024-09-24 20:07:02 +0000"
    },
    "done": true
  },
  "mcwdoors:recipes/warped/warped_paper_door": {
    "criteria": {
      "has_planks": "2024-09-24 20:07:01 +0000"
    },
    "done": true
  },
  "minecraft:husbandry/root": {
    "criteria": {
      "consumed_item": "2024-09-24 20:10:08 +0000"
    },
    "done": true
  },
  "minecraft:recipes/transportation/birch_boat": {
    "criteria": {
      "in_water": "2024-09-24 20:11:56 +0000"
    },
    "done": true
  },
  "infernalexp:recipes/redstone/basalt_button": {
    "criteria": {
      "has_basalt": "2024-09-24 20:07:02 +0000"
    },
    "done": true
  },
  "mcwbridges:recipes/dry_bamboo_bridge": {
    "criteria": {
      "has_planks": "2024-09-24 20:07:01 +0000"
    },
    "done": true
  },
  "mcwtrpdoors:recipes/spruce/spruce_four_panel_trapdoor": {
    "criteria": {
      "has_planks": "2024-09-24 20:07:02 +0000"
    },
    "done": true
  },
  "mcwwindows:recipes/strip/stripped_birch_log_window": {
    "criteria": {
      "has_planks": "2024-09-24 20:07:02 +0000"
    },
    "done": true
  },
  "mcwwindows:recipes/mosaic_block/cyan_mosaic_glass": {
    "criteria": {
      "has_planks": "2024-09-24 20:07:01 +0000"
    },
    "done": true
  },
  "mcwbridges:recipes/deepslate_tile_bridge": {
    "criteria": {
      "has_planks": "2024-09-24 20:07:01 +0000"
    },
    "done": true
  },
  "mcwdoors:recipes/dark_oak/dark_oak_japanese_door": {
    "criteria": {
      "has_planks": "2024-09-24 20:07:02 +0000"
    },
    "done": true
  },
  "mcwwindows:recipes/mosaic_block/light_blue_mosaic_glass": {
    "criteria": {
      "has_planks": "2024-09-24 20:07:01 +0000"
    },
    "done": true
  },
  "mcwdoors:recipes/birch/birch_glass_door": {
    "criteria": {
      "has_planks": "2024-09-24 20:07:02 +0000"
    },
    "done": true
  },
  "mcwtrpdoors:recipes/acacia/acacia_four_panel_trapdoor": {
    "criteria": {
      "has_planks": "2024-09-24 20:07:02 +0000"
    },
    "done": true
  },
  "mcwdoors:recipes/dark_oak/dark_oak_bark_glass_door": {
    "criteria": {
      "has_planks": "2024-09-24 20:07:01 +0000"
    },
    "done": true
  },
  "mcwtrpdoors:recipes/oak/oak_barred_trapdoor": {
    "criteria": {
      "has_planks": "2024-09-24 20:07:01 +0000"
    },
    "done": true
  },
  "mcwwindows:recipes/planks/jungle_plank_window": {
    "criteria": {
      "has_planks": "2024-09-24 20:07:02 +0000"
    },
    "done": true
  },
  "mcwdoors:recipes/birch/birch_beach_door": {
    "criteria": {
      "has_planks": "2024-09-24 20:07:01 +0000"
    },
    "done": true
  },
  "farmersdelight:main/root": {
    "criteria": {
      "seeds": "2024-09-24 20:07:02 +0000"
    },
    "done": true
  },
  "mcwbridges:recipes/brick_bridge_pier": {
    "criteria": {
      "has_planks": "2024-09-24 20:07:02 +0000"
    },
    "done": true
  },
  "mcwbridges:recipes/acacia_log_bridge_stair": {
    "criteria": {
      "has_planks": "2024-09-24 20:07:01 +0000"
    },
    "done": true
  },
  "mcwdoors:recipes/birch/birch_stable_door": {
    "criteria": {
      "has_planks": "2024-09-24 20:07:01 +0000"
    },
    "done": true
  },
  "mcwbridges:recipes/orange_sandstone_bridge": {
    "criteria": {
      "has_planks": "2024-09-24 20:07:01 +0000"
    },
    "done": true
  },
  "mcwtrpdoors:recipes/spruce/spruce_tropical_trapdoor": {
    "criteria": {
      "has_planks": "2024-09-24 20:07:01 +0000"
    },
    "done": true
  },
  "mcwwindows:recipes/mosaic_block/yellow_mosaic_glass": {
    "criteria": {
      "has_planks": "2024-09-24 20:07:02 +0000"
    },
    "done": true
  },
  "mcwtrpdoors:recipes/birch/birch_barred_trapdoor": {
    "criteria": {
      "has_planks": "2024-09-24 20:07:01 +0000"
    },
    "done": true
  },
  "minecraft:recipes/decorations/white_carpet": {
    "criteria": {
      "has_white_wool": "2024-09-24 20:11:53 +0000"
    },
    "done": true
  },
  "mcwdoors:recipes/metal_door": {
    "criteria": {
      "has_planks": "2024-09-24 20:07:02 +0000"
    },
    "done": true
  },
  "mcwdoors:recipes/oak/oak_cottage_door": {
    "criteria": {
      "has_planks": "2024-09-24 20:07:02 +0000"
    },
    "done": true
  },
  "mcwdoors:recipes/warped/warped_four_panel_door": {
    "criteria": {
      "has_planks": "2024-09-24 20:07:01 +0000"
    },
    "done": true
  },
  "mcwwindows:recipes/windows/crimson_stem_window2": {
    "criteria": {
      "has_planks": "2024-09-24 20:07:01 +0000"
    },
    "done": true
  },
  "mcwtrpdoors:recipes/warped/warped_glass_trapdoor": {
    "criteria": {
      "has_planks": "2024-09-24 20:07:01 +0000"
    },
    "done": true
  },
  "mcwwindows:recipes/windows/dark_oak_window": {
    "criteria": {
      "has_planks": "2024-09-24 20:07:01 +0000"
    },
    "done": true
  },
  "minecraft:recipes/transportation/oak_boat": {
    "criteria": {
      "in_water": "2024-09-24 20:11:56 +0000"
    },
    "done": true
  },
  "infernalexp:recipes/redstone/soul_slate_pressure_plate": {
    "criteria": {
      "has_soul_slate": "2024-09-24 20:07:02 +0000"
    },
    "done": true
  },
  "mcwdoors:recipes/spruce/spruce_modern_door": {
    "criteria": {
      "has_planks": "2024-09-24 20:07:01 +0000"
    },
    "done": true
  },
  "mcwbridges:recipes/mossy_stone_bridge_pier": {
    "criteria": {
      "has_planks": "2024-09-24 20:07:02 +0000"
    },
    "done": true
  },
  "mcwwindows:recipes/mosaic_block/magenta_mosaic_glass": {
    "criteria": {
      "has_planks": "2024-09-24 20:07:01 +0000"
    },
    "done": true
  },
  "mcwbridges:recipes/deepslate_tile_bridge_pier": {
    "criteria": {
      "has_planks": "2024-09-24 20:07:02 +0000"
    },
    "done": true
  },
  "mcwwindows:recipes/windows/acacia_window2": {
    "criteria": {
      "has_planks": "2024-09-24 20:07:01 +0000"
    },
    "done": true
  },
  "mcwtrpdoors:recipes/warped/warped_paper_trapdoor": {
    "criteria": {
      "has_planks": "2024-09-24 20:07:02 +0000"
    },
    "done": true
  },
  "mcwwindows:recipes/mosaic_block/gray_mosaic_glass": {
    "criteria": {
      "has_planks": "2024-09-24 20:07:02 +0000"
    },
    "done": true
  },
  "mcwwindows:recipes/planks/warped_planks_window2": {
    "criteria": {
      "has_planks": "2024-09-24 20:07:01 +0000"
    },
    "done": true
  },
  "minecraft:recipes/building_blocks/lime_wool": {
    "criteria": {
      "has_white_wool": "2024-09-24 20:11:53 +0000"
    },
    "done": true
  },
  "mcwdoors:recipes/birch/birch_bark_glass_door": {
    "criteria": {
      "has_planks": "2024-09-24 20:07:01 +0000"
    },
    "done": true
  },
  "mcwwindows:recipes/strip/stripped_jungle_log_window": {
    "criteria": {
      "has_planks": "2024-09-24 20:07:02 +0000"
    },
    "done": true
  },
  "mcwwindows:recipes/planks/oak_plank_window2": {
    "criteria": {
      "has_planks": "2024-09-24 20:07:02 +0000"
    },
    "done": true
  },
  "mcwdoors:recipes/spruce/spruce_nether_door": {
    "criteria": {
      "has_planks": "2024-09-24 20:07:01 +0000"
    },
    "done": true
  },
  "mcwwindows:recipes/stone/diorite_window2": {
    "criteria": {
      "has_planks": "2024-09-24 20:07:02 +0000"
    },
    "done": true
  },
  "mcwwindows:recipes/parapet/andesite_parapet": {
    "criteria": {
      "has_planks": "2024-09-24 20:07:02 +0000"
    },
    "done": true
  },
  "minecraft:recipes/building_blocks/green_wool": {
    "criteria": {
      "has_white_wool": "2024-09-24 20:11:53 +0000"
    },
    "done": true
  },
  "mcwbridges:recipes/rope_birch_bridge": {
    "criteria": {
      "has_planks": "2024-09-24 20:07:02 +0000"
    },
    "done": true
  },
  "mcwwindows:recipes/windows/oak_window2": {
    "criteria": {
      "has_planks": "2024-09-24 20:07:01 +0000"
    },
    "done": true
  },
  "mcwbridges:recipes/oak_log_bridge_middle": {
    "criteria": {
      "has_planks": "2024-09-24 20:07:01 +0000"
    },
    "done": true
  },
  "mcwbridges:recipes/crimson_log_bridge_middle": {
    "criteria": {
      "has_planks": "2024-09-24 20:07:02 +0000"
    },
    "done": true
  },
  "minecraft:recipes/building_blocks/brown_wool": {
    "criteria": {
      "has_white_wool": "2024-09-24 20:11:53 +0000"
    },
    "done": true
  },
  "mcwdoors:recipes/dark_oak/dark_oak_western_door": {
    "criteria": {
      "has_planks": "2024-09-24 20:07:01 +0000"
    },
    "done": true
  },
  "mcwbridges:recipes/iron_bridge_pier": {
    "criteria": {
      "has_planks": "2024-09-24 20:07:01 +0000"
    },
    "done": true
  },
  "mcwbridges:recipes/dry_bamboo_bridge_stair": {
    "criteria": {
      "has_planks": "2024-09-24 20:07:02 +0000"
    },
    "done": true
  },
  "mcwwindows:recipes/planks/dark_oak_plank_window2": {
    "criteria": {
      "has_planks": "2024-09-24 20:07:02 +0000"
    },
    "done": true
  },
  "mcwwindows:recipes/windows/dark_oak_window2": {
    "criteria": {
      "has_planks": "2024-09-24 20:07:01 +0000"
    },
    "done": true
  },
  "mcwbridges:recipes/pliers": {
    "criteria": {
      "has_planks": "2024-09-24 20:07:01 +0000"
    },
    "done": true
  },
  "mcwfurnitures:recipes/dark_oak": {
    "criteria": {
      "has_planks": "2024-09-24 20:07:02 +0000"
    },
    "done": true
  },
  "minecraft:recipes/decorations/painting": {
    "criteria": {
      "has_wool": "2024-09-24 20:11:53 +0000"
    },
    "done": true
  },
  "mcwwindows:recipes/planks/crimson_planks_window2": {
    "criteria": {
      "has_planks": "2024-09-24 20:07:01 +0000"
    },
    "done": true
  },
  "mcwfurnitures:recipes/jungle": {
    "criteria": {
      "has_planks": "2024-09-24 20:07:02 +0000"
    },
    "done": true
  },
  "mcwbridges:recipes/mossy_stone_bridge_stair": {
    "criteria": {
      "has_planks": "2024-09-24 20:07:00 +0000"
    },
    "done": true
  },
  "mcwtrpdoors:recipes/acacia/acacia_classic_trapdoor": {
    "criteria": {
      "has_planks": "2024-09-24 20:07:01 +0000"
    },
    "done": true
  },
  "mcwdoors:recipes/warped/warped_japanese2_door": {
    "criteria": {
      "has_planks": "2024-09-24 20:07:02 +0000"
    },
    "done": true
  },
  "mcwdoors:recipes/jungle/jungle_classic_door": {
    "criteria": {
      "has_planks": "2024-09-24 20:07:02 +0000"
    },
    "done": true
  },
  "mcwdoors:recipes/garage_silver_door": {
    "criteria": {
      "has_planks": "2024-09-24 20:07:01 +0000"
    },
    "done": true
  },
  "mcwtrpdoors:recipes/oak/oak_four_panel_trapdoor": {
    "criteria": {
      "has_planks": "2024-09-24 20:07:02 +0000"
    },
    "done": true
  },
  "mcwtrpdoors:recipes/crimson/crimson_classic_trapdoor": {
    "criteria": {
      "has_planks": "2024-09-24 20:07:01 +0000"
    },
    "done": true
  },
  "mcwdoors:recipes/acacia/acacia_paper_door": {
    "criteria": {
      "has_planks": "2024-09-24 20:07:02 +0000"
    },
    "done": true
  },
  "mcwfurnitures:recipes/spruce": {
    "criteria": {
      "has_planks": "2024-09-24 20:07:01 +0000"
    },
    "done": true
  },
  "mcwdoors:recipes/oak/oak_stable_door": {
    "criteria": {
      "has_planks": "2024-09-24 20:07:01 +0000"
    },
    "done": true
  },
  "mcwdoors:recipes/crimson/crimson_barn_door": {
    "criteria": {
      "has_planks": "2024-09-24 20:07:01 +0000"
    },
    "done": true
  },
  "mcwdoors:recipes/acacia/acacia_glass_door": {
    "criteria": {
      "has_planks": "2024-09-24 20:07:01 +0000"
    },
    "done": true
  },
  "mcwwindows:recipes/strip/stripped_oak_log_window": {
    "criteria": {
      "has_planks": "2024-09-24 20:07:01 +0000"
    },
    "done": true
  },
  "mcwdoors:recipes/acacia/acacia_stable_door": {
    "criteria": {
      "has_planks": "2024-09-24 20:07:02 +0000"
    },
    "done": true
  },
  "mcwwindows:recipes/mosaic_block/green_mosaic_glass": {
    "criteria": {
      "has_planks": "2024-09-24 20:07:02 +0000"
    },
    "done": true
  },
  "mcwbridges:recipes/crimson_rope_bridge_stair": {
    "criteria": {
      "has_planks": "2024-09-24 20:07:01 +0000"
    },
    "done": true
  },
  "mcwwindows:recipes/strip/stripped_birch_log_window2": {
    "criteria": {
      "has_planks": "2024-09-24 20:07:01 +0000"
    },
    "done": true
  },
  "mcwwindows:recipes/parapet/crimson_stem_parapet": {
    "criteria": {
      "has_planks": "2024-09-24 20:07:02 +0000"
    },
    "done": true
  },
  "tombstone:adventure/root": {
    "criteria": {
      "auto": "2024-09-24 20:07:02 +0000"
    },
    "done": true
  },
  "mcwdoors:recipes/dark_oak/dark_oak_barn_glass_door": {
    "criteria": {
      "has_planks": "2024-09-24 20:07:01 +0000"
    },
    "done": true
  },
  "mcwbridges:recipes/bamboo_bridge": {
    "criteria": {
      "has_planks": "2024-09-24 20:07:01 +0000"
    },
    "done": true
  },
  "mcwbridges:recipes/warped_log_bridge_stair": {
    "criteria": {
      "has_planks": "2024-09-24 20:07:01 +0000"
    },
    "done": true
  },
  "mcwdoors:recipes/acacia/acacia_stable_head_door": {
    "criteria": {
      "has_planks": "2024-09-24 20:07:01 +0000"
    },
    "done": true
  },
  "mcwtrpdoors:recipes/warped/warped_tropical_trapdoor": {
    "criteria": {
      "has_planks": "2024-09-24 20:07:02 +0000"
    },
    "done": true
  },
  "mcwbridges:recipes/oak_rope_bridge_stair": {
    "criteria": {
      "has_planks": "2024-09-24 20:07:01 +0000"
    },
    "done": true
  },
  "mcwdoors:recipes/spruce/spruce_glass_door": {
    "criteria": {
      "has_planks": "2024-09-24 20:07:01 +0000"
    },
    "done": true
  },
  "mcwdoors:recipes/spruce/spruce_mystic_door": {
    "criteria": {
      "has_planks": "2024-09-24 20:07:01 +0000"
    },
    "done": true
  },
  "mcwtrpdoors:recipes/crimson/crimson_tropical_trapdoor": {
    "criteria": {
      "has_planks": "2024-09-24 20:07:01 +0000"
    },
    "done": true
  },
  "mcwbridges:recipes/stone_brick_bridge_stair": {
    "criteria": {
      "has_planks": "2024-09-24 20:07:02 +0000"
    },
    "done": true
  },
  "mcwdoors:recipes/acacia/acacia_barn_glass_door": {
    "criteria": {
      "has_planks": "2024-09-24 20:07:01 +0000"
    },
    "done": true
  },
  "mcwdoors:recipes/crimson/crimson_japanese_door": {
    "criteria": {
      "has_planks": "2024-09-24 20:07:02 +0000"
    },
    "done": true
  },
  "mcwwindows:recipes/windows/birch_window": {
    "criteria": {
      "has_planks": "2024-09-24 20:07:02 +0000"
    },
    "done": true
  },
  "mcwtrpdoors:recipes/spruce/spruce_classic_trapdoor": {
    "criteria": {
      "has_planks": "2024-09-24 20:07:02 +0000"
    },
    "done": true
  },
  "mcwbridges:recipes/warped_rope_bridge_stair": {
    "criteria": {
      "has_planks": "2024-09-24 20:07:02 +0000"
    },
    "done": true
  },
  "mcwbridges:recipes/rope_oak_bridge": {
    "criteria": {
      "has_planks": "2024-09-24 20:07:01 +0000"
    },
    "done": true
  },
  "infernalexp:recipes/redstone/smooth_glowstone_pressure_plate": {
    "criteria": {
      "has_smooth_glowstone": "2024-09-24 20:07:01 +0000"
    },
    "done": true
  },
  "mcwdoors:recipes/jungle/jungle_barn_door": {
    "criteria": {
      "has_planks": "2024-09-24 20:07:02 +0000"
    },
    "done": true
  },
  "mcwtrpdoors:recipes/jungle/jungle_barn_trapdoor": {
    "criteria": {
      "has_planks": "2024-09-24 20:07:01 +0000"
    },
    "done": true
  },
  "mcwdoors:recipes/jungle/jungle_barn_glass_door": {
    "criteria": {
      "has_planks": "2024-09-24 20:07:02 +0000"
    },
    "done": true
  },
  "mcwwindows:recipes/blinds/crimson_blinds": {
    "criteria": {
      "has_planks": "2024-09-24 20:07:01 +0000"
    },
    "done": true
  },
  "mcwwindows:recipes/parapet/oak_log_parapet": {
    "criteria": {
      "has_planks": "2024-09-24 20:07:00 +0000"
    },
    "done": true
  },
  "mcwbridges:recipes/birch_log_bridge_stair": {
    "criteria": {
      "has_planks": "2024-09-24 20:07:01 +0000"
    },
    "done": true
  },
  "mcwdoors:recipes/jungle/jungle_glass_door": {
    "criteria": {
      "has_planks": "2024-09-24 20:07:01 +0000"
    },
    "done": true
  },
  "mcwwindows:recipes/blinds/spruce_blinds": {
    "criteria": {
      "has_planks": "2024-09-24 20:07:01 +0000"
    },
    "done": true
  },
  "mcwdoors:recipes/crimson/crimson_western_door": {
    "criteria": {
      "has_planks": "2024-09-24 20:07:02 +0000"
    },
    "done": true
  },
  "mcwwindows:recipes/mosaic_block/white_mosaic_glass": {
    "criteria": {
      "has_planks": "2024-09-24 20:07:02 +0000"
    },
    "done": true
  },
  "mcwwindows:recipes/blinds/oak_blinds": {
    "criteria": {
      "has_planks": "2024-09-24 20:07:01 +0000"
    },
    "done": true
  },
  "infernalexp:recipes/food/cooked_hogchop_smoking": {
    "criteria": {
      "has_hogchop": "2024-09-24 20:07:01 +0000"
    },
    "done": true
  },
  "mcwtrpdoors:recipes/birch/birch_four_panel_trapdoor": {
    "criteria": {
      "has_planks": "2024-09-24 20:07:02 +0000"
    },
    "done": true
  },
  "mcwdoors:recipes/birch/birch_western_door": {
    "criteria": {
      "has_planks": "2024-09-24 20:07:02 +0000"
    },
    "done": true
  },
  "mcwtrpdoors:recipes/oak/oak_glass_trapdoor": {
    "criteria": {
      "has_planks": "2024-09-24 20:07:01 +0000"
    },
    "done": true
  },
  "mcwtrpdoors:recipes/dark_oak/dark_oak_mystic_trapdoor": {
    "criteria": {
      "has_planks": "2024-09-24 20:07:01 +0000"
    },
    "done": true
  },
  "usefulslime:recipes/slippery_slime_block": {
    "criteria": {
      "has_slime": "2024-09-24 20:07:01 +0000"
    },
    "done": true
  },
  "mcwtrpdoors:recipes/spruce/spruce_paper_trapdoor": {
    "criteria": {
      "has_planks": "2024-09-24 20:07:02 +0000"
    },
    "done": true
  },
  "mcwtrpdoors:recipes/acacia/acacia_cottage_trapdoor": {
    "criteria": {
      "has_planks": "2024-09-24 20:07:02 +0000"
    },
    "done": true
  },
  "mcwwindows:recipes/windows/crimson_stem_window": {
    "criteria": {
      "has_planks": "2024-09-24 20:07:01 +0000"
    },
    "done": true
  },
  "mcwtrpdoors:recipes/crimson/crimson_glass_trapdoor": {
    "criteria": {
      "has_planks": "2024-09-24 20:07:01 +0000"
    },
    "done": true
  },
  "mcwwindows:recipes/windows/oak_window": {
    "criteria": {
      "has_planks": "2024-09-24 20:07:02 +0000"
    },
    "done": true
  },
  "mcwtrpdoors:recipes/spruce/spruce_glass_trapdoor": {
    "criteria": {
      "has_planks": "2024-09-24 20:07:01 +0000"
    },
    "done": true
  },
  "mcwtrpdoors:recipes/acacia/spruce_bark_trapdoor": {
    "criteria": {
      "has_planks": "2024-09-24 20:07:01 +0000"
    },
    "done": true
  },
  "infernalexp:recipes/redstone/smooth_dullstone_button": {
    "criteria": {
      "has_smooth_dullstone": "2024-09-24 20:07:01 +0000"
    },
    "done": true
  },
  "mcwtrpdoors:recipes/print_barred": {
    "criteria": {
      "has_planks": "2024-09-24 20:07:01 +0000"
    },
    "done": true
  },
  "mcwwindows:recipes/parapet/crimson_plank_parapet": {
    "criteria": {
      "has_planks": "2024-09-24 20:07:01 +0000"
    },
    "done": true
  },
  "mcwdoors:recipes/warped/warped_barn_door": {
    "criteria": {
      "has_planks": "2024-09-24 20:07:01 +0000"
    },
    "done": true
  },
  "mcwdoors:recipes/oak/oak_nether_door": {
    "criteria": {
      "has_planks": "2024-09-24 20:07:02 +0000"
    },
    "done": true
  },
  "mcwbridges:recipes/birch_bridge_pier": {
    "criteria": {
      "has_planks": "2024-09-24 20:07:01 +0000"
    },
    "done": true
  },
  "mcwdoors:recipes/dark_oak/dark_oak_barn_door": {
    "criteria": {
      "has_planks": "2024-09-24 20:07:02 +0000"
    },
    "done": true
  },
  "mcwbridges:recipes/oak_rail_bridge": {
    "criteria": {
      "has_planks": "2024-09-24 20:07:02 +0000"
    },
    "done": true
  },
  "mcwwindows:recipes/strip/stripped_oak_log_window2": {
    "criteria": {
      "has_planks": "2024-09-24 20:07:01 +0000"
    },
    "done": true
  },
  "mcwdoors:recipes/warped/warped_barn_glass_door": {
    "criteria": {
      "has_planks": "2024-09-24 20:07:02 +0000"
    },
    "done": true
  },
  "mcwtrpdoors:recipes/jungle/jungle_four_panel_trapdoor": {
    "criteria": {
      "has_planks": "2024-09-24 20:07:02 +0000"
    },
    "done": true
  },
  "mcwwindows:recipes/windows/jungle_window": {
    "criteria": {
      "has_planks": "2024-09-24 20:07:01 +0000"
    },
    "done": true
  },
  "mcwtrpdoors:recipes/crimson/crimson_paper_trapdoor": {
    "criteria": {
      "has_planks": "2024-09-24 20:07:02 +0000"
    },
    "done": true
  },
  "mcwdoors:recipes/acacia/acacia_mystic_door": {
    "criteria": {
      "has_planks": "2024-09-24 20:07:02 +0000"
    },
    "done": true
  },
  "mcwtrpdoors:recipes/jungle/jungle_mystic_trapdoor": {
    "criteria": {
      "has_planks": "2024-09-24 20:07:01 +0000"
    },
    "done": true
  },
  "mcwbridges:recipes/warped_log_bridge_middle": {
    "criteria": {
      "has_planks": "2024-09-24 20:07:02 +0000"
    },
    "done": true
  },
  "mcwdoors:recipes/acacia/acacia_nether_door": {
    "criteria": {
      "has_planks": "2024-09-24 20:07:01 +0000"
    },
    "done": true
  },
  "mcwdoors:recipes/oak/oak_modern_door": {
    "criteria": {
      "has_planks": "2024-09-24 20:07:01 +0000"
    },
    "done": true
  },
  "mcwdoors:recipes/oak/oak_paper_door": {
    "criteria": {
      "has_planks": "2024-09-24 20:07:01 +0000"
    },
    "done": true
  },
  "mcwwindows:recipes/blinds/jungle_blinds": {
    "criteria": {
      "has_planks": "2024-09-24 20:07:02 +0000"
    },
    "done": true
  },
  "minecraft:recipes/transportation/jungle_boat": {
    "criteria": {
      "in_water": "2024-09-24 20:11:56 +0000"
    },
    "done": true
  },
  "mcwtrpdoors:recipes/print_mystic": {
    "criteria": {
      "has_planks": "2024-09-24 20:07:01 +0000"
    },
    "done": true
  },
  "mcwwindows:recipes/gothic/prismarine_brick_gothic": {
    "criteria": {
      "has_planks": "2024-09-24 20:07:01 +0000"
    },
    "done": true
  },
  "mcwtrpdoors:recipes/dark_oak/dark_oak_glass_trapdoor": {
    "criteria": {
      "has_planks": "2024-09-24 20:07:02 +0000"
    },
    "done": true
  },
  "mcwbridges:recipes/stone_brick_bridge": {
    "criteria": {
      "has_planks": "2024-09-24 20:07:02 +0000"
    },
    "done": true
  },
  "mcwdoors:recipes/oak/oak_barn_door": {
    "criteria": {
      "has_planks": "2024-09-24 20:07:01 +0000"
    },
    "done": true
  },
  "minecraft:recipes/transportation/dark_oak_boat": {
    "criteria": {
      "in_water": "2024-09-24 20:11:56 +0000"
    },
    "done": true
  },
  "minecraft:recipes/building_blocks/pink_wool": {
    "criteria": {
      "has_white_wool": "2024-09-24 20:11:53 +0000"
    },
    "done": true
  },
  "mcwbridges:recipes/crimson_log_bridge_stair": {
    "criteria": {
      "has_planks": "2024-09-24 20:07:02 +0000"
    },
    "done": true
  },
  "vampirism:recipes/vampirism/vampire/coffin": {
    "criteria": {
      "has_wool": "2024-09-24 20:11:53 +0000"
    },
    "done": true
  },
  "mcwbridges:recipes/rope_crimson_bridge": {
    "criteria": {
      "has_planks": "2024-09-24 20:07:01 +0000"
    },
    "done": true
  },
  "mcwdoors:recipes/metal_windowed_door": {
    "criteria": {
      "has_planks": "2024-09-24 20:07:01 +0000"
    },
    "done": true
  },
  "mcwtrpdoors:recipes/print_four_panel": {
    "criteria": {
      "has_planks": "2024-09-24 20:07:01 +0000"
    },
    "done": true
  },
  "mcwdoors:recipes/crimson/crimson_japanese2_door": {
    "criteria": {
      "has_planks": "2024-09-24 20:07:02 +0000"
    },
    "done": true
  },
  "mcwdoors:recipes/birch/birch_tropical_door": {
    "criteria": {
      "has_planks": "2024-09-24 20:07:01 +0000"
    },
    "done": true
  },
  "mcwdoors:recipes/spruce/spruce_classic_door": {
    "criteria": {
      "has_planks": "2024-09-24 20:07:02 +0000"
    },
    "done": true
  },
  "mcwdoors:recipes/spruce/spruce_japanese2_door": {
    "criteria": {
      "has_planks": "2024-09-24 20:07:01 +0000"
    },
    "done": true
  },
  "mcwdoors:recipes/oak/oak_tropical_door": {
    "criteria": {
      "has_planks": "2024-09-24 20:07:02 +0000"
    },
    "done": true
  },
  "mcwbridges:recipes/deepslate_brick_bridge_stair": {
    "criteria": {
      "has_planks": "2024-09-24 20:07:01 +0000"
    },
    "done": true
  },
  "mcwbridges:recipes/acacia_bridge_pier": {
    "criteria": {
      "has_planks": "2024-09-24 20:07:01 +0000"
    },
    "done": true
  },
  "mcwtrpdoors:recipes/oak/oak_paper_trapdoor": {
    "criteria": {
      "has_planks": "2024-09-24 20:07:01 +0000"
    },
    "done": true
  },
  "mcwdoors:recipes/oak/oak_japanese2_door": {
    "criteria": {
      "has_planks": "2024-09-24 20:07:01 +0000"
    },
    "done": true
  },
  "mcwbridges:recipes/crimson_bridge_pier": {
    "criteria": {
      "has_planks": "2024-09-24 20:07:01 +0000"
    },
    "done": true
  },
  "mcwwindows:recipes/strip/stripped_acacia_log_window": {
    "criteria": {
      "has_planks": "2024-09-24 20:07:02 +0000"
    },
    "done": true
  },
  "mcwdoors:recipes/dark_oak/dark_oak_glass_door": {
    "criteria": {
      "has_planks": "2024-09-24 20:07:01 +0000"
    },
    "done": true
  },
  "mcwdoors:recipes/jungle/jungle_japanese_door": {
    "criteria": {
      "has_planks": "2024-09-24 20:07:01 +0000"
    },
    "done": true
  },
  "mcwtrpdoors:recipes/oak/oak_tropical_trapdoor": {
    "criteria": {
      "has_planks": "2024-09-24 20:07:01 +0000"
    },
    "done": true
  },
  "mcwdoors:recipes/spruce/spruce_stable_door": {
    "criteria": {
      "has_planks": "2024-09-24 20:07:01 +0000"
    },
    "done": true
  },
  "mcwdoors:recipes/crimson/crimson_stable_head_door": {
    "criteria": {
      "has_planks": "2024-09-24 20:07:01 +0000"
    },
    "done": true
  },
  "mcwbridges:recipes/rope_warped_bridge": {
    "criteria": {
      "has_planks": "2024-09-24 20:07:02 +0000"
    },
    "done": true
  },
  "mcwbridges:recipes/jungle_bridge_pier": {
    "criteria": {
      "has_planks": "2024-09-24 20:07:01 +0000"
    },
    "done": true
  },
  "mcwtrpdoors:recipes/metal/metal_full_trapdoor": {
    "criteria": {
      "has_planks": "2024-09-24 20:07:01 +0000"
    },
    "done": true
  },
  "mcwwindows:recipes/parapet/diorite_parapet": {
    "criteria": {
      "has_planks": "2024-09-24 20:07:01 +0000"
    },
    "done": true
  },
  "mcwtrpdoors:recipes/oak/oak_mystic_trapdoor": {
    "criteria": {
      "has_planks": "2024-09-24 20:07:01 +0000"
    },
    "done": true
  },
  "mcwdoors:recipes/print_nether": {
    "criteria": {
      "has_planks": "2024-09-24 20:07:02 +0000"
    },
    "done": true
  },
  "mcwwindows:recipes/mosaic_block/red_mosaic_glass": {
    "criteria": {
      "has_planks": "2024-09-24 20:07:01 +0000"
    },
    "done": true
  },
  "mcwwindows:recipes/gothic/end_brick_gothic": {
    "criteria": {
      "has_planks": "2024-09-24 20:07:01 +0000"
    },
    "done": true
  },
  "DataVersion": 2975
}